source,target,edge_type,date
C0001,P0068,SH,1997-11-28
C0001,P0068,COM,1997-11-28
C0001,P0071,SH,1997-11-28
C0001,P0337,NOT,1997-11-28
C0001,P0245,ADM,1997-11-28
C0001,P0245,SH,1997-11-28
C0001,P0078,SH,1997-11-28
C0001,P0228,SH,1997-11-28
C0001,P0035,LR,1997-11-28
C0001,P0232,SH,1997-11-28
C0001,P0193,SH,1997-11-28
C0001,P0119,SH,1997-11-28
C0003,P0120,LR,2008-03-01
C0003,P0071,LR,2008-03-01
C0003,P0155,ADM,2008-03-01
C0003,P0232,LR,2008-03-01
C0003,P0152,LR,2008-03-01
C0003,P0227,LR,2008-03-01
C0003,P0142,COM,2008-03-01
C0003,P0296,LR,2008-03-01
C0003,P0072,SH,2008-03-01
C0002,P0076,ADM,2008-03-01
C0003,P0231,SH,2008-03-01
C0003,P0121,LR,2008-03-01
C0002,P0072,SH,2008-03-01
C0002,P0152,LR,2008-03-01
C0003,P0159,LR,2008-03-01
C0002,P0252,SH,2008-03-01
C0003,P0035,LR,2008-03-01
C0003,P0337,NOT,2008-03-01
C0002,P0337,NOT,2008-03-01
C0004,P0216,LR,2008-08-05
C0004,P0042,LR,2008-08-05
C0004,P0120,SH,2008-08-05
C0004,P0123,LR,2008-08-05
C0004,P0337,NOT,2008-08-05
C0004,P0232,COM,2008-08-05
C0004,P0071,SH,2008-08-05
C0004,P0037,LR,2008-08-05
C0004,P0232,SH,2008-08-05
C0004,P0113,LR,2008-08-05
C0004,P0296,ADM,2008-08-05
C0004,P0296,SH,2008-08-05
C0004,P0121,SH,2008-08-05
C0004,P0303,LR,2008-08-05
C0004,P0227,LR,2008-08-05
C0005,P0142,SH,2008-09-08
C0005,P0309,NOT,2008-09-08
C0005,P0104,SH,2008-09-08
C0005,P0058,LR,2008-09-08
C0005,P0058,SH,2008-09-08
C0005,P0104,ADM,2008-09-08
C0005,P0044,COM,2008-09-08
C0005,P0087,SH,2008-09-08
C0006,P0089,SH,2008-12-11
C0006,P0227,COM,2008-12-11
C0006,P0065,SH,2008-12-11
C0006,P0120,SH,2008-12-11
C0006,P0227,SH,2008-12-11
C0006,P0318,NOT,2008-12-11
C0006,P0065,LR,2008-12-11
C0006,P0190,SH,2008-12-11
C0006,P0022,ADM,2008-12-11
C0007,P0231,SH,2008-12-12
C0008,P0232,LR,2008-12-12
C0007,P0231,ADM,2008-12-12
C0009,P0010,LR,2008-12-12
C0007,P0232,COM,2008-12-12
C0009,P0077,SH,2008-12-12
C0009,P0071,SH,2008-12-12
C0009,P0071,LR,2008-12-12
C0009,P0069,SH,2008-12-12
C0007,P0296,LR,2008-12-12
C0007,P0314,NOT,2008-12-12
C0009,P0257,ADM,2008-12-12
C0008,P0042,SH,2008-12-12
C0008,P0042,LR,2008-12-12
C0007,P0035,LR,2008-12-12
C0008,P0232,SH,2008-12-12
C0009,P0010,SH,2008-12-12
C0008,P0035,LR,2008-12-12
C0008,P0197,SH,2008-12-12
C0008,P0035,SH,2008-12-12
C0007,P0010,LR,2008-12-12
C0008,P0192,ADM,2008-12-12
C0007,P0142,SH,2008-12-12
C0009,P0214,COM,2008-12-12
C0009,P0214,SH,2008-12-12
C0007,P0168,LR,2008-12-12
C0008,P0216,COM,2008-12-12
C0008,P0216,SH,2008-12-12
C0008,P0337,NOT,2008-12-12
C0009,P0328,NOT,2008-12-12
C0010,P0010,COM,2008-12-15
C0010,P0121,LR,2008-12-15
C0010,P0318,NOT,2008-12-15
C0010,P0120,LR,2008-12-15
C0010,P0200,SH,2008-12-15
C0010,P0104,ADM,2008-12-15
C0010,P0188,LR,2008-12-15
C0010,P0100,LR,2008-12-15
C0010,P0104,SH,2008-12-15
C0011,P0223,ADM,2008-12-18
C0011,P0080,ADM,2008-12-18
C0011,P0337,NOT,2008-12-18
C0011,P0257,ADM,2008-12-18
C0012,P0252,ADM,2009-01-21
C0012,P0252,SH,2009-01-21
C0012,P0318,NOT,2009-01-21
C0012,P0206,COM,2009-01-21
C0012,P0206,SH,2009-01-21
C0013,P0186,SH,2009-03-21
C0013,P0186,COM,2009-03-21
C0013,P0183,ADM,2009-03-21
C0013,P0337,NOT,2009-03-21
C0013,P0183,SH,2009-03-21
C0014,P0295,ADM,2009-03-25
C0014,P0295,SH,2009-03-25
C0014,P0112,SH,2009-03-25
C0014,P0112,COM,2009-03-25
C0014,P0314,NOT,2009-03-25
C0015,P0239,LR,2009-08-28
C0015,P0180,LR,2009-08-28
C0015,P0314,NOT,2009-08-28
C0015,P0252,SH,2009-08-28
C0015,P0177,LR,2009-08-28
C0015,P0252,ADM,2009-08-28
C0015,P0156,SH,2009-08-28
C0015,P0077,LR,2009-08-28
C0015,P0156,COM,2009-08-28
C0015,P0303,LR,2009-08-28
C0015,P0278,LR,2009-08-28
C0018,P0318,NOT,2009-09-01
C0016,P0231,SH,2009-09-01
C0017,P0054,LR,2009-09-01
C0018,P0159,COM,2009-09-01
C0016,P0104,SH,2009-09-01
C0016,P0104,COM,2009-09-01
C0018,P0104,SH,2009-09-01
C0018,P0104,ADM,2009-09-01
C0016,P0011,LR,2009-09-01
C0018,P0011,LR,2009-09-01
C0016,P0318,NOT,2009-09-01
C0016,P0231,ADM,2009-09-01
C0017,P0156,ADM,2009-09-01
C0017,P0110,LR,2009-09-01
C0017,P0337,NOT,2009-09-01
C0017,P0072,SH,2009-09-01
C0017,P0072,COM,2009-09-01
C0018,P0072,SH,2009-09-01
C0017,P0156,SH,2009-09-01
C0016,P0156,SH,2009-09-01
C0018,P0159,SH,2009-09-01
C0019,P0216,LR,2009-10-16
C0019,P0354,NOT,2009-10-16
C0019,P0159,SH,2009-10-16
C0019,P0200,COM,2009-10-16
C0019,P0159,LR,2009-10-16
C0019,P0105,ADM,2009-10-16
C0019,P0105,SH,2009-10-16
C0019,P0200,SH,2009-10-16
C0020,P0337,NOT,2009-10-19
C0020,P0072,COM,2009-10-19
C0020,P0183,ADM,2009-10-19
C0020,P0231,ADM,2009-10-19
C0020,P0104,COM,2009-10-19
C0020,P0252,ADM,2009-10-19
C0020,P0156,COM,2009-10-19
C0021,P0058,ADM,2009-11-23
C0021,P0058,SH,2009-11-23
C0021,P0183,SH,2009-11-23
C0021,P0183,COM,2009-11-23
C0021,P0354,NOT,2009-11-23
C0022,P0206,COM,2009-12-01
C0022,P0252,ADM,2009-12-01
C0022,P0252,SH,2009-12-01
C0022,P0318,NOT,2009-12-01
C0022,P0206,SH,2009-12-01
C0024,P0168,LR,2009-12-03
C0024,P0058,ADM,2009-12-03
C0024,P0058,SH,2009-12-03
C0024,P0206,COM,2009-12-03
C0024,P0206,SH,2009-12-03
C0024,P0314,NOT,2009-12-03
C0023,P0314,NOT,2009-12-03
C0024,P0070,LR,2009-12-03
C0024,P0094,LR,2009-12-03
C0023,P0231,SH,2009-12-03
C0024,P0037,LR,2009-12-03
C0023,P0142,COM,2009-12-03
C0023,P0142,SH,2009-12-03
C0023,P0231,ADM,2009-12-03
C0025,P0168,LR,2009-12-04
C0025,P0342,NOT,2009-12-04
C0025,P0037,LR,2009-12-04
C0025,P0183,SH,2009-12-04
C0025,P0183,ADM,2009-12-04
C0025,P0186,COM,2009-12-04
C0025,P0186,SH,2009-12-04
C0025,P0303,LR,2009-12-04
C0025,P0294,LR,2009-12-04
C0026,P0168,LR,2009-12-16
C0026,P0037,LR,2009-12-16
C0026,P0011,SH,2009-12-16
C0026,P0081,SH,2009-12-16
C0026,P0294,LR,2009-12-16
C0026,P0213,SH,2009-12-16
C0026,P0215,SH,2009-12-16
C0026,P0031,SH,2009-12-16
C0026,P0336,NOT,2009-12-16
C0026,P0031,COM,2009-12-16
C0026,P0077,ADM,2009-12-16
C0027,P0282,SH,2009-12-21
C0027,P0307,NOT,2009-12-21
C0027,P0282,COM,2009-12-21
C0027,P0295,ADM,2009-12-21
C0027,P0295,SH,2009-12-21
C0028,P0087,SH,2009-12-23
C0028,P0080,ADM,2009-12-23
C0028,P0080,SH,2009-12-23
C0028,P0307,NOT,2009-12-23
C0028,P0054,LR,2009-12-23
C0028,P0087,COM,2009-12-23
C0029,P0307,NOT,2009-12-29
C0029,P0011,LR,2009-12-29
C0029,P0280,SH,2009-12-29
C0029,P0034,SH,2009-12-29
C0029,P0034,COM,2009-12-29
C0029,P0280,ADM,2009-12-29
C0030,P0156,COM,2009-12-31
C0030,P0342,NOT,2009-12-31
C0030,P0231,SH,2009-12-31
C0030,P0156,SH,2009-12-31
C0030,P0231,ADM,2009-12-31
C0031,P0337,NOT,2010-01-06
C0031,P0184,ADM,2010-01-06
C0031,P0184,SH,2010-01-06
C0031,P0250,COM,2010-01-06
C0031,P0250,SH,2010-01-06
C0032,P0183,SH,2010-02-06
C0032,P0183,COM,2010-02-06
C0033,P0156,ADM,2010-02-06
C0033,P0156,SH,2010-02-06
C0032,P0320,NOT,2010-02-06
C0033,P0320,NOT,2010-02-06
C0033,P0159,SH,2010-02-06
C0032,P0231,SH,2010-02-06
C0032,P0231,ADM,2010-02-06
C0033,P0159,COM,2010-02-06
C0034,P0087,SH,2010-02-10
C0034,P0058,ADM,2010-02-10
C0034,P0094,LR,2010-02-10
C0034,P0058,SH,2010-02-10
C0035,P0034,SH,2010-02-10
C0035,P0034,ADM,2010-02-10
C0035,P0326,NOT,2010-02-10
C0034,P0327,NOT,2010-02-10
C0034,P0087,COM,2010-02-10
C0035,P0280,SH,2010-02-10
C0035,P0280,COM,2010-02-10
C0036,P0183,SH,2010-03-03
C0036,P0329,NOT,2010-03-03
C0036,P0183,ADM,2010-03-03
C0036,P0054,LR,2010-03-03
C0036,P0080,SH,2010-03-03
C0036,P0080,COM,2010-03-03
C0038,P0073,SH,2010-05-13
C0037,P0303,LR,2010-05-13
C0037,P0077,LR,2010-05-13
C0038,P0034,SH,2010-05-13
C0038,P0073,ADM,2010-05-13
C0037,P0148,COM,2010-05-13
C0038,P0034,COM,2010-05-13
C0038,P0154,LR,2010-05-13
C0037,P0159,ADM,2010-05-13
C0037,P0162,LR,2010-05-13
C0037,P0159,SH,2010-05-13
C0037,P0148,SH,2010-05-13
C0037,P0239,LR,2010-05-13
C0037,P0220,ADM,2010-05-13
C0038,P0322,NOT,2010-05-13
C0037,P0122,LR,2010-05-13
C0037,P0322,NOT,2010-05-13
C0037,P0180,LR,2010-05-13
C0040,P0073,ADM,2010-05-25
C0040,P0073,SH,2010-05-25
C0040,P0239,LR,2010-05-25
C0040,P0303,LR,2010-05-25
C0040,P0077,LR,2010-05-25
C0039,P0333,NOT,2010-05-25
C0040,P0146,SH,2010-05-25
C0040,P0146,COM,2010-05-25
C0040,P0333,NOT,2010-05-25
C0039,P0102,COM,2010-05-25
C0039,P0148,ADM,2010-05-25
C0040,P0137,LR,2010-05-25
C0040,P0177,LR,2010-05-25
C0040,P0122,LR,2010-05-25
C0040,P0180,LR,2010-05-25
C0040,P0154,LR,2010-05-25
C0039,P0102,SH,2010-05-25
C0039,P0148,SH,2010-05-25
C0041,P0324,NOT,2010-06-17
C0041,P0282,COM,2010-06-17
C0041,P0058,SH,2010-06-17
C0041,P0058,ADM,2010-06-17
C0041,P0282,SH,2010-06-17
C0042,P0324,NOT,2010-06-21
C0042,P0034,COM,2010-06-21
C0042,P0184,SH,2010-06-21
C0042,P0184,ADM,2010-06-21
C0042,P0034,SH,2010-06-21
C0044,P0034,COM,2010-07-05
C0044,P0034,SH,2010-07-05
C0043,P0183,COM,2010-07-05
C0044,P0148,ADM,2010-07-05
C0044,P0148,SH,2010-07-05
C0043,P0073,ADM,2010-07-05
C0043,P0073,SH,2010-07-05
C0044,P0315,NOT,2010-07-05
C0043,P0315,NOT,2010-07-05
C0043,P0183,SH,2010-07-05
C0045,P0304,LR,2010-07-16
C0046,P0129,COM,2010-07-16
C0046,P0129,SH,2010-07-16
C0045,P0176,LR,2010-07-16
C0046,P0331,NOT,2010-07-16
C0045,P0331,NOT,2010-07-16
C0045,P0025,COM,2010-07-16
C0045,P0025,SH,2010-07-16
C0045,P0041,SH,2010-07-16
C0046,P0025,SH,2010-07-16
C0045,P0041,ADM,2010-07-16
C0046,P0025,ADM,2010-07-16
C0048,P0037,SH,2010-08-11
C0048,P0095,COM,2010-08-11
C0047,P0349,NOT,2010-08-11
C0048,P0037,ADM,2010-08-11
C0047,P0060,SH,2010-08-11
C0048,P0095,SH,2010-08-11
C0047,P0124,SH,2010-08-11
C0048,P0349,NOT,2010-08-11
C0047,P0060,ADM,2010-08-11
C0049,P0340,NOT,2010-08-20
C0049,P0037,SH,2010-08-20
C0049,P0025,COM,2010-08-20
C0049,P0037,ADM,2010-08-20
C0049,P0025,SH,2010-08-20
C0050,P0094,LR,2010-08-27
C0051,P0321,NOT,2010-08-27
C0051,P0168,SH,2010-08-27
C0051,P0173,SH,2010-08-27
C0050,P0321,NOT,2010-08-27
C0050,P0032,ADM,2010-08-27
C0050,P0032,SH,2010-08-27
C0051,P0173,COM,2010-08-27
C0050,P0124,COM,2010-08-27
C0050,P0124,SH,2010-08-27
C0051,P0168,ADM,2010-08-27
C0052,P0156,SH,2010-09-03
C0052,P0159,SH,2010-09-03
C0052,P0156,COM,2010-09-03
C0052,P0348,NOT,2010-09-03
C0052,P0159,ADM,2010-09-03
C0053,P0206,COM,2010-10-17
C0053,P0146,SH,2010-10-17
C0053,P0148,SH,2010-10-17
C0053,P0206,SH,2010-10-17
C0053,P0012,SH,2010-10-17
C0053,P0247,ADM,2010-10-17
C0053,P0247,SH,2010-10-17
C0053,P0326,NOT,2010-10-17
C0054,P0322,NOT,2010-11-04
C0054,P0095,SH,2010-11-04
C0054,P0205,SH,2010-11-04
C0055,P0324,NOT,2010-11-19
C0057,P0124,LR,2010-11-19
C0055,P0047,COM,2010-11-19
C0057,P0095,SH,2010-11-19
C0057,P0036,LR,2010-11-19
C0057,P0205,COM,2010-11-19
C0057,P0349,NOT,2010-11-19
C0057,P0095,ADM,2010-11-19
C0056,P0324,NOT,2010-11-19
C0055,P0037,LR,2010-11-19
C0055,P0047,SH,2010-11-19
C0057,P0205,SH,2010-11-19
C0056,P0184,LR,2010-11-19
C0056,P0160,COM,2010-11-19
C0057,P0094,LR,2010-11-19
C0058,P0047,COM,2010-11-19
C0056,P0148,SH,2010-11-19
C0058,P0129,LR,2010-11-19
C0056,P0148,ADM,2010-11-19
C0055,P0247,SH,2010-11-19
C0056,P0160,SH,2010-11-19
C0058,P0349,NOT,2010-11-19
C0058,P0047,SH,2010-11-19
C0055,P0247,ADM,2010-11-19
C0058,P0073,SH,2010-11-19
C0058,P0073,ADM,2010-11-19
C0059,P0072,SH,2010-11-22
C0060,P0060,LR,2010-11-22
C0059,P0072,ADM,2010-11-22
C0060,P0012,SH,2010-11-22
C0060,P0012,ADM,2010-11-22
C0060,P0337,NOT,2010-11-22
C0059,P0247,COM,2010-11-22
C0059,P0337,NOT,2010-11-22
C0060,P0156,COM,2010-11-22
C0060,P0156,SH,2010-11-22
C0059,P0247,SH,2010-11-22
C0059,P0037,LR,2010-11-22
C0061,P0146,SH,2010-11-24
C0061,P0152,SH,2010-11-24
C0062,P0206,SH,2010-11-24
C0062,P0159,ADM,2010-11-24
C0062,P0159,SH,2010-11-24
C0061,P0168,LR,2010-11-24
C0061,P0333,NOT,2010-11-24
C0062,P0206,COM,2010-11-24
C0062,P0353,NOT,2010-11-24
C0066,P0159,SH,2010-11-25
C0064,P0095,SH,2010-11-25
C0064,P0320,NOT,2010-11-25
C0066,P0320,NOT,2010-11-25
C0065,P0247,SH,2010-11-25
C0064,P0095,ADM,2010-11-25
C0063,P0094,LR,2010-11-25
C0063,P0212,LR,2010-11-25
C0064,P0146,COM,2010-11-25
C0066,P0159,ADM,2010-11-25
C0063,P0012,SH,2010-11-25
C0063,P0291,LR,2010-11-25
C0063,P0171,LR,2010-11-25
C0063,P0021,LR,2010-11-25
C0063,P0014,LR,2010-11-25
C0063,P0132,LR,2010-11-25
C0063,P0054,LR,2010-11-25
C0063,P0084,LR,2010-11-25
C0065,P0039,LR,2010-11-25
C0063,P0075,LR,2010-11-25
C0063,P0340,NOT,2010-11-25
C0065,P0340,NOT,2010-11-25
C0064,P0146,SH,2010-11-25
C0066,P0148,SH,2010-11-25
C0063,P0247,LR,2010-11-25
C0065,P0100,LR,2010-11-25
C0065,P0247,ADM,2010-11-25
C0066,P0100,LR,2010-11-25
C0063,P0124,LR,2010-11-25
C0066,P0148,COM,2010-11-25
C0063,P0012,COM,2010-11-25
C0063,P0218,LR,2010-11-25
C0063,P0216,LR,2010-11-25
C0065,P0156,SH,2010-11-25
C0063,P0205,ADM,2010-11-25
C0063,P0205,SH,2010-11-25
C0065,P0156,COM,2010-11-25
C0067,P0300,LR,2010-11-26
C0067,P0326,NOT,2010-11-26
C0067,P0032,LR,2010-11-26
C0067,P0146,ADM,2010-11-26
C0067,P0160,SH,2010-11-26
C0067,P0160,COM,2010-11-26
C0067,P0146,SH,2010-11-26
C0068,P0205,SH,2010-12-01
C0068,P0206,SH,2010-12-01
C0068,P0205,COM,2010-12-01
C0069,P0331,NOT,2010-12-01
C0068,P0206,ADM,2010-12-01
C0068,P0331,NOT,2010-12-01
C0069,P0148,COM,2010-12-01
C0069,P0247,SH,2010-12-01
C0069,P0148,SH,2010-12-01
C0069,P0247,ADM,2010-12-01
C0069,P0173,LR,2010-12-01
C0068,P0168,LR,2010-12-01
C0070,P0156,SH,2010-12-02
C0070,P0205,SH,2010-12-02
C0070,P0205,COM,2010-12-02
C0070,P0152,ADM,2010-12-02
C0070,P0152,SH,2010-12-02
C0070,P0320,NOT,2010-12-02
C0070,P0095,SH,2010-12-02
C0070,P0047,SH,2010-12-02
C0072,P0320,NOT,2010-12-15
C0074,P0037,LR,2010-12-15
C0074,P0206,COM,2010-12-15
C0072,P0073,ADM,2010-12-15
C0073,P0047,COM,2010-12-15
C0073,P0152,ADM,2010-12-15
C0071,P0148,COM,2010-12-15
C0073,P0129,LR,2010-12-15
C0072,P0100,LR,2010-12-15
C0071,P0124,LR,2010-12-15
C0073,P0320,NOT,2010-12-15
C0074,P0320,NOT,2010-12-15
C0074,P0095,ADM,2010-12-15
C0071,P0320,NOT,2010-12-15
C0072,P0205,COM,2010-12-15
C0071,P0156,ADM,2010-12-15
C0075,P0144,SH,2010-12-17
C0075,P0054,SH,2010-12-17
C0075,P0226,COM,2010-12-17
C0075,P0144,ADM,2010-12-17
C0075,P0309,NOT,2010-12-17
C0076,P0210,SH,2011-01-27
C0076,P0280,LR,2011-01-27
C0076,P0256,ADM,2011-01-27
C0076,P0256,SH,2011-01-27
C0076,P0210,COM,2011-01-27
C0076,P0309,NOT,2011-01-27
C0077,P0160,ADM,2011-05-30
C0077,P0012,COM,2011-05-30
C0077,P0160,SH,2011-05-30
C0077,P0160,LR,2011-05-30
C0077,P0326,NOT,2011-05-30
C0077,P0012,SH,2011-05-30
C0078,P0205,SH,2011-07-18
C0079,P0249,COM,2011-07-18
C0078,P0205,ADM,2011-07-18
C0079,P0235,SH,2011-07-18
C0078,P0073,SH,2011-07-18
C0078,P0073,COM,2011-07-18
C0079,P0326,NOT,2011-07-18
C0079,P0235,ADM,2011-07-18
C0079,P0249,SH,2011-07-18
C0078,P0326,NOT,2011-07-18
C0080,P0309,NOT,2011-07-21
C0080,P0117,SH,2011-07-21
C0080,P0169,SH,2011-07-21
C0080,P0261,LR,2011-07-21
C0080,P0272,ADM,2011-07-21
C0080,P0237,COM,2011-07-21
C0081,P0309,NOT,2011-07-22
C0081,P0299,SH,2011-07-22
C0081,P0108,ADM,2011-07-22
C0081,P0106,SH,2011-07-22
C0081,P0289,COM,2011-07-22
C0082,P0150,ADM,2011-08-03
C0083,P0061,ADM,2011-08-03
C0082,P0322,NOT,2011-08-03
C0083,P0322,NOT,2011-08-03
C0083,P0073,SH,2011-08-03
C0083,P0219,COM,2011-08-03
C0082,P0280,SH,2011-08-03
C0082,P0208,COM,2011-08-03
C0082,P0142,SH,2011-08-03
C0083,P0152,SH,2011-08-03
C0084,P0074,ADM,2011-08-04
C0084,P0247,SH,2011-08-04
C0084,P0062,LR,2011-08-04
C0084,P0324,NOT,2011-08-04
C0084,P0028,COM,2011-08-04
C0084,P0286,SH,2011-08-04
C0086,P0335,NOT,2011-08-05
C0085,P0293,ADM,2011-08-05
C0086,P0168,LR,2011-08-05
C0086,P0159,SH,2011-08-05
C0086,P0306,ADM,2011-08-05
C0086,P0092,COM,2011-08-05
C0086,P0281,SH,2011-08-05
C0085,P0273,SH,2011-08-05
C0085,P0335,NOT,2011-08-05
C0085,P0283,COM,2011-08-05
C0085,P0089,SH,2011-08-05
C0088,P0096,SH,2011-08-22
C0088,P0308,NOT,2011-08-22
C0088,P0096,LR,2011-08-22
C0088,P0219,COM,2011-08-22
C0088,P0249,SH,2011-08-22
C0088,P0276,ADM,2011-08-22
C0087,P0302,SH,2011-08-22
C0087,P0324,NOT,2011-08-22
C0090,P0005,COM,2011-08-23
C0090,P0252,SH,2011-08-23
C0089,P0117,LR,2011-08-23
C0089,P0210,COM,2011-08-23
C0089,P0210,SH,2011-08-23
C0091,P0012,SH,2011-08-23
C0091,P0061,COM,2011-08-23
C0091,P0041,SH,2011-08-23
C0091,P0041,LR,2011-08-23
C0091,P0298,LR,2011-08-23
C0089,P0256,SH,2011-08-23
C0089,P0256,ADM,2011-08-23
C0089,P0355,NOT,2011-08-23
C0090,P0305,LR,2011-08-23
C0090,P0125,ADM,2011-08-23
C0090,P0235,LR,2011-08-23
C0091,P0220,ADM,2011-08-23
C0091,P0331,NOT,2011-08-23
C0090,P0047,SH,2011-08-23
C0090,P0355,NOT,2011-08-23
C0092,P0025,SH,2011-08-30
C0093,P0349,NOT,2011-08-30
C0092,P0092,COM,2011-08-30
C0092,P0058,SH,2011-08-30
C0092,P0235,SH,2011-08-30
C0093,P0129,SH,2011-08-30
C0093,P0129,COM,2011-08-30
C0092,P0281,SH,2011-08-30
C0092,P0222,ADM,2011-08-30
C0092,P0100,LR,2011-08-30
C0093,P0184,SH,2011-08-30
C0092,P0349,NOT,2011-08-30
C0092,P0261,SH,2011-08-30
C0093,P0248,ADM,2011-08-30
C0094,P0317,NOT,2011-09-15
C0094,P0272,COM,2011-09-15
C0094,P0058,SH,2011-09-15
C0095,P0233,SH,2011-09-15
C0094,P0278,LR,2011-09-15
C0094,P0107,LR,2011-09-15
C0094,P0183,SH,2011-09-15
C0094,P0302,LR,2011-09-15
C0095,P0148,ADM,2011-09-15
C0094,P0183,ADM,2011-09-15
C0095,P0028,COM,2011-09-15
C0095,P0317,NOT,2011-09-15
C0095,P0148,SH,2011-09-15
C0097,P0160,SH,2011-11-15
C0097,P0353,NOT,2011-11-15
C0096,P0353,NOT,2011-11-15
C0097,P0248,ADM,2011-11-15
C0096,P0097,LR,2011-11-15
C0096,P0225,ADM,2011-11-15
C0097,P0096,SH,2011-11-15
C0096,P0225,SH,2011-11-15
C0096,P0261,SH,2011-11-15
C0096,P0261,COM,2011-11-15
C0097,P0160,COM,2011-11-15
C0099,P0129,COM,2011-11-18
C0099,P0161,ADM,2011-11-18
C0098,P0013,ADM,2011-11-18
C0099,P0161,SH,2011-11-18
C0099,P0339,NOT,2011-11-18
C0098,P0339,NOT,2011-11-18
C0098,P0168,LR,2011-11-18
C0099,P0129,SH,2011-11-18
C0098,P0261,LR,2011-11-18
C0098,P0095,COM,2011-11-18
C0098,P0095,SH,2011-11-18
C0098,P0106,SH,2011-11-18
C0100,P0331,NOT,2011-11-25
C0100,P0235,COM,2011-11-25
C0100,P0235,SH,2011-11-25
C0100,P0249,ADM,2011-11-25
C0100,P0249,SH,2011-11-25
C0102,P0144,SH,2011-12-22
C0101,P0095,SH,2011-12-22
C0102,P0205,SH,2011-12-22
C0101,P0054,LR,2011-12-22
C0102,P0322,NOT,2011-12-22
C0102,P0024,ADM,2011-12-22
C0101,P0041,SH,2011-12-22
C0101,P0322,NOT,2011-12-22
C0101,P0055,ADM,2011-12-22
C0102,P0060,SH,2011-12-22
C0102,P0060,COM,2011-12-22
C0102,P0168,SH,2011-12-22
C0102,P0286,SH,2011-12-22
C0103,P0024,COM,2011-12-28
C0103,P0222,ADM,2011-12-28
C0103,P0222,COM,2011-12-28
C0103,P0098,COM,2011-12-28
C0103,P0161,LR,2011-12-28
C0103,P0324,NOT,2011-12-28
C0103,P0098,ADM,2011-12-28
C0103,P0024,ADM,2011-12-28
C0105,P0024,ADM,2012-02-03
C0105,P0349,NOT,2012-02-03
C0104,P0012,SH,2012-02-03
C0104,P0098,ADM,2012-02-03
C0105,P0205,SH,2012-02-03
C0104,P0247,SH,2012-02-03
C0104,P0083,COM,2012-02-03
C0104,P0156,LR,2012-02-03
C0105,P0013,COM,2012-02-03
C0105,P0160,LR,2012-02-03
C0104,P0349,NOT,2012-02-03
C0105,P0095,SH,2012-02-03
C0106,P0326,NOT,2012-02-11
C0106,P0210,SH,2012-02-11
C0106,P0256,SH,2012-02-11
C0106,P0181,COM,2012-02-11
C0106,P0176,ADM,2012-02-11
C0107,P0152,SH,2012-02-18
C0107,P0160,SH,2012-02-18
C0107,P0326,NOT,2012-02-18
C0107,P0127,ADM,2012-02-18
C0107,P0149,COM,2012-02-18
C0108,P0276,ADM,2012-03-03
C0108,P0087,SH,2012-03-03
C0108,P0032,SH,2012-03-03
C0108,P0306,ADM,2012-03-03
C0108,P0168,LR,2012-03-03
C0108,P0352,NOT,2012-03-03
C0109,P0097,ADM,2012-03-20
C0109,P0260,COM,2012-03-20
C0109,P0097,SH,2012-03-20
C0109,P0309,NOT,2012-03-20
C0109,P0260,SH,2012-03-20
C0110,P0040,ADM,2012-03-24
C0110,P0040,SH,2012-03-24
C0110,P0326,NOT,2012-03-24
C0110,P0064,COM,2012-03-24
C0110,P0064,SH,2012-03-24
C0112,P0007,SH,2012-03-28
C0112,P0198,SH,2012-03-28
C0112,P0007,ADM,2012-03-28
C0111,P0276,COM,2012-03-28
C0112,P0324,NOT,2012-03-28
C0111,P0352,NOT,2012-03-28
C0112,P0198,COM,2012-03-28
C0111,P0002,SH,2012-03-28
C0111,P0118,ADM,2012-03-28
C0111,P0118,SH,2012-03-28
C0116,P0251,ADM,2012-03-29
C0113,P0004,ADM,2012-03-29
C0115,P0339,NOT,2012-03-29
C0115,P0255,SH,2012-03-29
C0116,P0251,SH,2012-03-29
C0116,P0268,SH,2012-03-29
C0114,P0143,ADM,2012-03-29
C0115,P0187,COM,2012-03-29
C0114,P0026,SH,2012-03-29
C0113,P0143,SH,2012-03-29
C0116,P0268,COM,2012-03-29
C0115,P0187,SH,2012-03-29
C0115,P0255,ADM,2012-03-29
C0114,P0194,LR,2012-03-29
C0116,P0320,NOT,2012-03-29
C0114,P0320,NOT,2012-03-29
C0114,P0143,SH,2012-03-29
C0113,P0242,COM,2012-03-29
C0113,P0339,NOT,2012-03-29
C0116,P0251,LR,2012-03-29
C0114,P0136,LR,2012-03-29
C0114,P0026,COM,2012-03-29
C0113,P0004,SH,2012-03-29
C0117,P0101,COM,2012-03-30
C0117,P0326,NOT,2012-03-30
C0117,P0254,SH,2012-03-30
C0117,P0101,SH,2012-03-30
C0117,P0254,ADM,2012-03-30
C0118,P0141,SH,2012-04-09
C0118,P0348,NOT,2012-04-09
C0118,P0141,LR,2012-04-09
C0118,P0141,ADM,2012-04-09
C0118,P0182,COM,2012-04-09
C0118,P0182,SH,2012-04-09
C0120,P0187,COM,2012-04-27
C0119,P0174,ADM,2012-04-27
C0121,P0322,NOT,2012-04-27
C0120,P0091,LR,2012-04-27
C0122,P0284,SH,2012-04-27
C0122,P0046,LR,2012-04-27
C0119,P0174,SH,2012-04-27
C0122,P0308,NOT,2012-04-27
C0120,P0187,SH,2012-04-27
C0120,P0224,ADM,2012-04-27
C0120,P0224,SH,2012-04-27
C0122,P0172,COM,2012-04-27
C0122,P0284,ADM,2012-04-27
C0121,P0224,COM,2012-04-27
C0119,P0308,NOT,2012-04-27
C0121,P0224,SH,2012-04-27
C0122,P0172,SH,2012-04-27
C0119,P0004,COM,2012-04-27
C0119,P0004,SH,2012-04-27
C0122,P0054,LR,2012-04-27
C0121,P0019,SH,2012-04-27
C0121,P0019,ADM,2012-04-27
C0120,P0322,NOT,2012-04-27
C0123,P0299,LR,2012-05-03
C0123,P0126,SH,2012-05-03
C0123,P0312,NOT,2012-05-03
C0123,P0199,COM,2012-05-03
C0123,P0199,SH,2012-05-03
C0123,P0126,ADM,2012-05-03
C0123,P0126,LR,2012-05-03
C0123,P0089,LR,2012-05-03
C0124,P0262,SH,2012-05-06
C0124,P0312,NOT,2012-05-06
C0124,P0097,ADM,2012-05-06
C0124,P0262,COM,2012-05-06
C0124,P0097,SH,2012-05-06
C0125,P0348,NOT,2012-05-09
C0125,P0019,COM,2012-05-09
C0125,P0019,SH,2012-05-09
C0125,P0141,SH,2012-05-09
C0125,P0141,LR,2012-05-09
C0125,P0141,ADM,2012-05-09
C0126,P0126,SH,2012-05-11
C0128,P0019,COM,2012-05-11
C0126,P0126,ADM,2012-05-11
C0126,P0051,LR,2012-05-11
C0128,P0326,NOT,2012-05-11
C0128,P0019,SH,2012-05-11
C0127,P0067,SH,2012-05-11
C0127,P0067,COM,2012-05-11
C0126,P0004,SH,2012-05-11
C0126,P0335,NOT,2012-05-11
C0128,P0143,SH,2012-05-11
C0126,P0168,LR,2012-05-11
C0127,P0006,ADM,2012-05-11
C0126,P0004,COM,2012-05-11
C0128,P0143,ADM,2012-05-11
C0127,P0326,NOT,2012-05-11
C0127,P0006,SH,2012-05-11
C0129,P0335,NOT,2012-05-12
C0129,P0198,SH,2012-05-12
C0129,P0198,ADM,2012-05-12
C0129,P0141,SH,2012-05-12
C0129,P0141,COM,2012-05-12
C0130,P0101,COM,2012-05-14
C0130,P0251,ADM,2012-05-14
C0130,P0118,SH,2012-05-14
C0130,P0207,SH,2012-05-14
C0130,P0335,NOT,2012-05-14
C0131,P0126,SH,2012-05-16
C0132,P0332,NOT,2012-05-16
C0131,P0101,SH,2012-05-16
C0131,P0101,COM,2012-05-16
C0132,P0174,COM,2012-05-16
C0132,P0174,SH,2012-05-16
C0131,P0332,NOT,2012-05-16
C0131,P0126,ADM,2012-05-16
C0132,P0262,SH,2012-05-16
C0132,P0262,ADM,2012-05-16
C0133,P0205,ADM,2012-05-24
C0133,P0309,NOT,2012-05-24
C0133,P0205,SH,2012-05-24
C0133,P0169,COM,2012-05-24
C0133,P0169,SH,2012-05-24
C0134,P0299,SH,2012-05-25
C0135,P0229,ADM,2012-05-25
C0135,P0229,SH,2012-05-25
C0134,P0066,COM,2012-05-25
C0134,P0066,SH,2012-05-25
C0137,P0187,SH,2012-05-25
C0135,P0255,SH,2012-05-25
C0134,P0299,ADM,2012-05-25
C0135,P0255,COM,2012-05-25
C0137,P0187,COM,2012-05-25
C0134,P0320,NOT,2012-05-25
C0136,P0029,SH,2012-05-25
C0137,P0340,NOT,2012-05-25
C0135,P0175,LR,2012-05-25
C0136,P0006,ADM,2012-05-25
C0135,P0175,ADM,2012-05-25
C0135,P0310,NOT,2012-05-25
C0137,P0002,ADM,2012-05-25
C0136,P0310,NOT,2012-05-25
C0136,P0029,COM,2012-05-25
C0137,P0002,SH,2012-05-25
C0136,P0006,SH,2012-05-25
C0138,P0176,SH,2012-05-29
C0138,P0320,NOT,2012-05-29
C0138,P0098,SH,2012-05-29
C0138,P0098,COM,2012-05-29
C0138,P0176,ADM,2012-05-29
C0140,P0002,SH,2012-05-30
C0140,P0067,SH,2012-05-30
C0140,P0067,ADM,2012-05-30
C0139,P0322,NOT,2012-05-30
C0139,P0158,COM,2012-05-30
C0140,P0242,COM,2012-05-30
C0139,P0158,SH,2012-05-30
C0140,P0340,NOT,2012-05-30
C0139,P0020,SH,2012-05-30
C0139,P0020,ADM,2012-05-30
C0141,P0110,SH,2012-05-31
C0141,P0110,COM,2012-05-31
C0141,P0322,NOT,2012-05-31
C0141,P0114,ADM,2012-05-31
C0141,P0114,SH,2012-05-31
C0142,P0181,SH,2012-06-01
C0142,P0181,ADM,2012-06-01
C0142,P0220,COM,2012-06-01
C0142,P0346,NOT,2012-06-01
C0142,P0220,SH,2012-06-01
C0143,P0149,ADM,2012-06-06
C0143,P0054,LR,2012-06-06
C0143,P0340,NOT,2012-06-06
C0143,P0149,SH,2012-06-06
C0143,P0110,SH,2012-06-06
C0143,P0222,SH,2012-06-06
C0143,P0221,SH,2012-06-06
C0143,P0098,SH,2012-06-06
C0144,P0082,ADM,2012-06-08
C0144,P0267,SH,2012-06-08
C0144,P0163,LR,2012-06-08
C0144,P0082,SH,2012-06-08
C0144,P0346,NOT,2012-06-08
C0145,P0346,NOT,2012-06-08
C0145,P0135,COM,2012-06-08
C0145,P0298,SH,2012-06-08
C0145,P0298,ADM,2012-06-08
C0144,P0267,COM,2012-06-08
C0145,P0135,SH,2012-06-08
C0146,P0046,SH,2012-06-12
C0146,P0309,NOT,2012-06-12
C0146,P0088,SH,2012-06-12
C0146,P0088,ADM,2012-06-12
C0146,P0046,COM,2012-06-12
C0148,P0063,SH,2012-06-13
C0148,P0063,COM,2012-06-13
C0148,P0349,NOT,2012-06-13
C0147,P0238,LR,2012-06-13
C0147,P0082,ADM,2012-06-13
C0148,P0046,SH,2012-06-13
C0147,P0082,SH,2012-06-13
C0147,P0349,NOT,2012-06-13
C0148,P0046,ADM,2012-06-13
C0147,P0098,COM,2012-06-13
C0147,P0098,SH,2012-06-13
C0150,P0183,COM,2012-06-14
C0149,P0093,ADM,2012-06-14
C0149,P0349,NOT,2012-06-14
C0150,P0110,SH,2012-06-14
C0149,P0093,SH,2012-06-14
C0150,P0110,ADM,2012-06-14
C0150,P0349,NOT,2012-06-14
C0149,P0158,COM,2012-06-14
C0150,P0202,LR,2012-06-14
C0149,P0158,SH,2012-06-14
C0150,P0183,SH,2012-06-14
C0152,P0271,COM,2012-06-15
C0152,P0339,NOT,2012-06-15
C0153,P0275,SH,2012-06-15
C0151,P0167,SH,2012-06-15
C0153,P0341,NOT,2012-06-15
C0152,P0271,SH,2012-06-15
C0152,P0088,SH,2012-06-15
C0153,P0298,SH,2012-06-15
C0151,P0341,NOT,2012-06-15
C0152,P0088,ADM,2012-06-15
C0153,P0276,SH,2012-06-15
C0153,P0063,ADM,2012-06-15
C0153,P0063,LR,2012-06-15
C0153,P0063,SH,2012-06-15
C0151,P0298,ADM,2012-06-15
C0151,P0298,SH,2012-06-15
C0153,P0275,COM,2012-06-15
C0153,P0167,SH,2012-06-15
C0154,P0085,SH,2012-06-16
C0154,P0020,SH,2012-06-16
C0154,P0114,SH,2012-06-16
C0154,P0271,SH,2012-06-16
C0154,P0271,ADM,2012-06-16
C0154,P0111,SH,2012-06-16
C0154,P0320,NOT,2012-06-16
C0156,P0047,SH,2012-06-20
C0156,P0047,COM,2012-06-20
C0156,P0222,SH,2012-06-20
C0156,P0222,ADM,2012-06-20
C0155,P0055,SH,2012-06-20
C0157,P0008,COM,2012-06-20
C0155,P0055,COM,2012-06-20
C0157,P0135,SH,2012-06-20
C0155,P0145,SH,2012-06-20
C0157,P0008,SH,2012-06-20
C0157,P0322,NOT,2012-06-20
C0156,P0325,NOT,2012-06-20
C0157,P0135,ADM,2012-06-20
C0155,P0145,ADM,2012-06-20
C0155,P0325,NOT,2012-06-20
C0161,P0179,SH,2012-06-21
C0162,P0179,SH,2012-06-21
C0158,P0179,ADM,2012-06-21
C0158,P0179,SH,2012-06-21
C0161,P0179,ADM,2012-06-21
C0158,P0066,COM,2012-06-21
C0162,P0179,ADM,2012-06-21
C0159,P0164,SH,2012-06-21
C0162,P0204,SH,2012-06-21
C0160,P0050,LR,2012-06-21
C0161,P0093,COM,2012-06-21
C0161,P0093,SH,2012-06-21
C0162,P0176,SH,2012-06-21
C0160,P0235,COM,2012-06-21
C0159,P0330,NOT,2012-06-21
C0161,P0330,NOT,2012-06-21
C0160,P0330,NOT,2012-06-21
C0159,P0164,ADM,2012-06-21
C0162,P0129,LR,2012-06-21
C0159,P0222,COM,2012-06-21
C0162,P0066,SH,2012-06-21
C0158,P0066,SH,2012-06-21
C0160,P0255,LR,2012-06-21
C0159,P0222,SH,2012-06-21
C0160,P0183,SH,2012-06-21
C0162,P0204,COM,2012-06-21
C0160,P0183,ADM,2012-06-21
C0162,P0099,SH,2012-06-21
C0158,P0324,NOT,2012-06-21
C0162,P0324,NOT,2012-06-21
C0160,P0235,SH,2012-06-21
C0166,P0164,COM,2012-06-22
C0165,P0149,ADM,2012-06-22
C0169,P0275,ADM,2012-06-22
C0168,P0205,SH,2012-06-22
C0169,P0275,SH,2012-06-22
C0166,P0008,SH,2012-06-22
C0166,P0008,ADM,2012-06-22
C0165,P0169,SH,2012-06-22
C0166,P0164,SH,2012-06-22
C0168,P0205,COM,2012-06-22
C0167,P0284,SH,2012-06-22
C0167,P0118,SH,2012-06-22
C0163,P0205,ADM,2012-06-22
C0164,P0356,NOT,2012-06-22
C0168,P0082,SH,2012-06-22
C0164,P0117,COM,2012-06-22
C0164,P0117,SH,2012-06-22
C0164,P0298,ADM,2012-06-22
C0169,P0241,COM,2012-06-22
C0169,P0241,SH,2012-06-22
C0168,P0082,ADM,2012-06-22
C0165,P0316,NOT,2012-06-22
C0163,P0205,SH,2012-06-22
C0169,P0350,NOT,2012-06-22
C0164,P0047,ADM,2012-06-22
C0165,P0048,SH,2012-06-22
C0163,P0350,NOT,2012-06-22
C0163,P0235,COM,2012-06-22
C0163,P0235,SH,2012-06-22
C0167,P0316,NOT,2012-06-22
C0166,P0356,NOT,2012-06-22
C0164,P0047,SH,2012-06-22
C0164,P0298,LR,2012-06-22
C0168,P0316,NOT,2012-06-22
C0165,P0048,COM,2012-06-22
C0170,P0204,SH,2012-06-23
C0170,P0048,SH,2012-06-23
C0170,P0339,NOT,2012-06-23
C0170,P0117,ADM,2012-06-23
C0170,P0178,SH,2012-06-23
C0170,P0117,SH,2012-06-23
C0170,P0267,COM,2012-06-23
C0170,P0267,SH,2012-06-23
C0173,P0236,SH,2012-06-26
C0173,P0178,LR,2012-06-26
C0173,P0236,ADM,2012-06-26
C0171,P0151,ADM,2012-06-26
C0171,P0238,LR,2012-06-26
C0171,P0151,SH,2012-06-26
C0173,P0167,COM,2012-06-26
C0171,P0308,NOT,2012-06-26
C0173,P0178,SH,2012-06-26
C0171,P0136,LR,2012-06-26
C0173,P0308,NOT,2012-06-26
C0171,P0271,SH,2012-06-26
C0172,P0340,NOT,2012-06-26
C0172,P0276,ADM,2012-06-26
C0172,P0276,SH,2012-06-26
C0172,P0241,SH,2012-06-26
C0172,P0241,COM,2012-06-26
C0171,P0271,COM,2012-06-26
C0174,P0093,ADM,2012-06-28
C0174,P0135,COM,2012-06-28
C0174,P0135,SH,2012-06-28
C0174,P0331,NOT,2012-06-28
C0174,P0093,SH,2012-06-28
C0175,P0178,COM,2012-06-28
C0175,P0178,SH,2012-06-28
C0175,P0137,ADM,2012-06-28
C0175,P0137,SH,2012-06-28
C0175,P0331,NOT,2012-06-28
C0178,P0053,COM,2012-07-02
C0176,P0164,COM,2012-07-02
C0176,P0164,SH,2012-07-02
C0178,P0087,LR,2012-07-02
C0178,P0275,SH,2012-07-02
C0177,P0013,COM,2012-07-02
C0178,P0262,SH,2012-07-02
C0178,P0262,ADM,2012-07-02
C0178,P0275,COM,2012-07-02
C0177,P0176,ADM,2012-07-02
C0177,P0013,SH,2012-07-02
C0177,P0338,NOT,2012-07-02
C0178,P0338,NOT,2012-07-02
C0176,P0338,NOT,2012-07-02
C0176,P0178,SH,2012-07-02
C0177,P0176,SH,2012-07-02
C0179,P0301,SH,2012-07-11
C0179,P0304,ADM,2012-07-11
C0179,P0335,NOT,2012-07-11
C0179,P0301,COM,2012-07-11
C0179,P0304,SH,2012-07-11
C0180,P0355,NOT,2012-07-16
C0180,P0211,ADM,2012-07-16
C0182,P0137,SH,2012-07-16
C0180,P0045,LR,2012-07-16
C0182,P0137,ADM,2012-07-16
C0181,P0055,COM,2012-07-16
C0180,P0220,SH,2012-07-16
C0182,P0355,NOT,2012-07-16
C0181,P0355,NOT,2012-07-16
C0180,P0220,COM,2012-07-16
C0180,P0161,COM,2012-07-16
C0180,P0211,SH,2012-07-16
C0181,P0063,ADM,2012-07-16
C0182,P0088,COM,2012-07-16
C0182,P0088,SH,2012-07-16
C0181,P0063,SH,2012-07-16
C0180,P0045,ADM,2012-07-16
C0181,P0055,SH,2012-07-16
C0183,P0099,ADM,2012-07-18
C0185,P0099,ADM,2012-07-18
C0183,P0099,SH,2012-07-18
C0186,P0167,SH,2012-07-18
C0185,P0344,NOT,2012-07-18
C0184,P0344,NOT,2012-07-18
C0186,P0136,LR,2012-07-18
C0186,P0277,LR,2012-07-18
C0184,P0267,COM,2012-07-18
C0183,P0344,NOT,2012-07-18
C0184,P0267,SH,2012-07-18
C0185,P0099,SH,2012-07-18
C0186,P0167,ADM,2012-07-18
C0186,P0266,SH,2012-07-18
C0183,P0110,SH,2012-07-18
C0183,P0110,COM,2012-07-18
C0184,P0033,LR,2012-07-18
C0184,P0304,SH,2012-07-18
C0184,P0304,ADM,2012-07-18
C0185,P0260,SH,2012-07-18
C0185,P0260,COM,2012-07-18
C0186,P0266,COM,2012-07-18
C0186,P0343,NOT,2012-07-18
C0187,P0320,NOT,2012-07-20
C0187,P0241,ADM,2012-07-20
C0187,P0241,SH,2012-07-20
C0187,P0055,SH,2012-07-20
C0187,P0055,COM,2012-07-20
C0188,P0299,COM,2012-07-27
C0188,P0299,SH,2012-07-27
C0188,P0324,NOT,2012-07-27
C0188,P0158,SH,2012-07-27
C0188,P0158,ADM,2012-07-27
C0189,P0169,SH,2012-07-31
C0189,P0169,ADM,2012-07-31
C0189,P0335,NOT,2012-07-31
C0189,P0183,COM,2012-07-31
C0189,P0183,SH,2012-07-31
C0192,P0322,NOT,2012-08-01
C0192,P0224,SH,2012-08-01
C0192,P0182,ADM,2012-08-01
C0192,P0182,SH,2012-08-01
C0192,P0224,COM,2012-08-01
C0190,P0209,SH,2012-08-01
C0191,P0320,NOT,2012-08-01
C0190,P0172,SH,2012-08-01
C0191,P0301,SH,2012-08-01
C0191,P0301,ADM,2012-08-01
C0191,P0158,COM,2012-08-01
C0190,P0322,NOT,2012-08-01
C0191,P0158,SH,2012-08-01
C0194,P0309,NOT,2012-08-02
C0193,P0309,NOT,2012-08-02
C0194,P0209,SH,2012-08-02
C0194,P0209,COM,2012-08-02
C0193,P0299,SH,2012-08-02
C0194,P0015,ADM,2012-08-02
C0194,P0015,SH,2012-08-02
C0193,P0299,COM,2012-08-02
C0193,P0167,SH,2012-08-02
C0193,P0167,ADM,2012-08-02
C0195,P0309,NOT,2012-08-07
C0195,P0167,SH,2012-08-07
C0195,P0255,SH,2012-08-07
C0195,P0167,ADM,2012-08-07
C0196,P0340,NOT,2012-08-22
C0196,P0276,ADM,2012-08-22
C0196,P0276,SH,2012-08-22
C0196,P0301,SH,2012-08-22
C0198,P0158,COM,2012-09-03
C0198,P0158,SH,2012-09-03
C0198,P0349,NOT,2012-09-03
C0197,P0013,COM,2012-09-03
C0198,P0301,SH,2012-09-03
C0197,P0024,ADM,2012-09-03
C0197,P0095,SH,2012-09-03
C0197,P0205,SH,2012-09-03
C0198,P0301,ADM,2012-09-03
C0197,P0349,NOT,2012-09-03
C0197,P0160,LR,2012-09-03
C0199,P0301,COM,2012-09-11
C0199,P0301,SH,2012-09-11
C0199,P0320,NOT,2012-09-11
C0199,P0158,ADM,2012-09-11
C0199,P0158,SH,2012-09-11
C0200,P0161,SH,2012-10-16
C0200,P0045,SH,2012-10-16
C0200,P0045,COM,2012-10-16
C0200,P0320,NOT,2012-10-16
C0200,P0161,ADM,2012-10-16
C0201,P0299,ADM,2012-10-19
C0201,P0015,SH,2012-10-19
C0201,P0015,COM,2012-10-19
C0201,P0309,NOT,2012-10-19
C0201,P0299,SH,2012-10-19
C0202,P0207,SH,2012-10-22
C0203,P0099,ADM,2012-10-22
C0205,P0335,NOT,2012-10-22
C0202,P0182,SH,2012-10-22
C0203,P0309,NOT,2012-10-22
C0204,P0176,SH,2012-10-22
C0203,P0064,COM,2012-10-22
C0203,P0064,SH,2012-10-22
C0203,P0099,SH,2012-10-22
C0205,P0298,ADM,2012-10-22
C0205,P0298,SH,2012-10-22
C0204,P0309,NOT,2012-10-22
C0202,P0207,ADM,2012-10-22
C0202,P0309,NOT,2012-10-22
C0205,P0093,SH,2012-10-22
C0204,P0262,ADM,2012-10-22
C0204,P0262,SH,2012-10-22
C0206,P0137,SH,2012-10-23
C0206,P0220,SH,2012-10-23
C0206,P0335,NOT,2012-10-23
C0206,P0137,ADM,2012-10-23
C0208,P0167,ADM,2012-10-23
C0207,P0335,NOT,2012-10-23
C0208,P0167,SH,2012-10-23
C0207,P0088,ADM,2012-10-23
C0207,P0088,SH,2012-10-23
C0208,P0118,SH,2012-10-23
C0207,P0118,COM,2012-10-23
C0207,P0118,SH,2012-10-23
C0208,P0335,NOT,2012-10-23
C0210,P0137,COM,2012-11-02
C0210,P0137,SH,2012-11-02
C0209,P0298,SH,2012-11-02
C0210,P0320,NOT,2012-11-02
C0210,P0207,ADM,2012-11-02
C0209,P0064,SH,2012-11-02
C0209,P0064,ADM,2012-11-02
C0210,P0207,SH,2012-11-02
C0209,P0320,NOT,2012-11-02
C0214,P0262,SH,2012-11-08
C0213,P0263,SH,2012-11-08
C0213,P0263,COM,2012-11-08
C0214,P0262,ADM,2012-11-08
C0214,P0324,NOT,2012-11-08
C0212,P0324,NOT,2012-11-08
C0214,P0118,SH,2012-11-08
C0211,P0009,SH,2012-11-08
C0211,P0324,NOT,2012-11-08
C0212,P0255,SH,2012-11-08
C0212,P0093,COM,2012-11-08
C0213,P0324,NOT,2012-11-08
C0213,P0220,ADM,2012-11-08
C0211,P0137,SH,2012-11-08
C0212,P0093,SH,2012-11-08
C0213,P0220,SH,2012-11-08
C0211,P0137,ADM,2012-11-08
C0211,P0220,COM,2012-11-08
C0211,P0220,SH,2012-11-08
C0214,P0118,COM,2012-11-08
C0212,P0255,ADM,2012-11-08
C0215,P0084,LR,2012-12-06
C0215,P0133,LR,2012-12-06
C0215,P0021,LR,2012-12-06
C0215,P0054,LR,2012-12-06
C0215,P0174,SH,2012-12-06
C0215,P0126,ADM,2012-12-06
C0215,P0014,LR,2012-12-06
C0215,P0247,LR,2012-12-06
C0215,P0320,NOT,2012-12-06
C0215,P0264,LR,2012-12-06
C0215,P0216,LR,2012-12-06
C0215,P0126,SH,2012-12-06
C0215,P0218,LR,2012-12-06
C0215,P0139,LR,2012-12-06
C0215,P0212,LR,2012-12-06
C0215,P0094,LR,2012-12-06
C0215,P0291,LR,2012-12-06
C0215,P0171,LR,2012-12-06
C0216,P0054,LR,2012-12-13
C0216,P0320,NOT,2012-12-13
C0216,P0099,COM,2012-12-13
C0216,P0179,ADM,2012-12-13
C0216,P0020,COM,2012-12-13
C0216,P0111,COM,2012-12-13
C0216,P0271,ADM,2012-12-13
C0216,P0066,ADM,2012-12-13
C0217,P0267,COM,2012-12-27
C0217,P0178,COM,2012-12-27
C0217,P0063,ADM,2012-12-27
C0217,P0298,ADM,2012-12-27
C0217,P0117,ADM,2012-12-27
C0217,P0335,NOT,2012-12-27
C0217,P0020,COM,2012-12-27
C0218,P0098,SH,2013-02-13
C0218,P0032,LR,2013-02-13
C0218,P0098,ADM,2013-02-13
C0218,P0129,LR,2013-02-13
C0218,P0335,NOT,2013-02-13
C0218,P0128,LR,2013-02-13
C0218,P0054,LR,2013-02-13
C0218,P0099,SH,2013-02-13
C0219,P0046,SH,2013-02-15
C0220,P0046,SH,2013-02-15
C0220,P0046,ADM,2013-02-15
C0219,P0129,LR,2013-02-15
C0219,P0309,NOT,2013-02-15
C0220,P0079,LR,2013-02-15
C0220,P0158,COM,2013-02-15
C0219,P0261,LR,2013-02-15
C0219,P0167,SH,2013-02-15
C0220,P0158,SH,2013-02-15
C0220,P0309,NOT,2013-02-15
C0219,P0046,ADM,2013-02-15
C0221,P0110,SH,2013-02-18
C0221,P0337,NOT,2013-02-18
C0221,P0098,SH,2013-02-18
C0221,P0168,LR,2013-02-18
C0221,P0261,LR,2013-02-18
C0221,P0098,ADM,2013-02-18
C0223,P0006,ADM,2013-02-21
C0223,P0006,SH,2013-02-21
C0222,P0006,ADM,2013-02-21
C0222,P0006,SH,2013-02-21
C0222,P0349,NOT,2013-02-21
C0223,P0349,NOT,2013-02-21
C0223,P0093,SH,2013-02-21
C0222,P0089,LR,2013-02-21
C0222,P0235,LR,2013-02-21
C0223,P0093,COM,2013-02-21
C0223,P0124,LR,2013-02-21
C0222,P0063,COM,2013-02-21
C0222,P0063,SH,2013-02-21
C0223,P0079,LR,2013-02-21
C0224,P0326,NOT,2013-02-26
C0224,P0241,SH,2013-02-26
C0224,P0169,SH,2013-02-26
C0224,P0298,SH,2013-02-26
C0224,P0301,SH,2013-02-26
C0224,P0301,LR,2013-02-26
C0224,P0241,LR,2013-02-26
C0224,P0016,SH,2013-02-26
C0226,P0118,ADM,2013-03-02
C0225,P0341,NOT,2013-03-02
C0225,P0118,ADM,2013-03-02
C0225,P0025,LR,2013-03-02
C0225,P0124,LR,2013-03-02
C0226,P0094,LR,2013-03-02
C0225,P0118,SH,2013-03-02
C0225,P0165,LR,2013-03-02
C0226,P0118,SH,2013-03-02
C0226,P0341,NOT,2013-03-02
C0225,P0135,COM,2013-03-02
C0225,P0135,SH,2013-03-02
C0226,P0138,SH,2013-03-02
C0225,P0002,SH,2013-03-02
C0226,P0003,LR,2013-03-02
C0227,P0339,NOT,2013-03-06
C0227,P0032,ADM,2013-03-06
C0227,P0284,ADM,2013-03-06
C0227,P0284,SH,2013-03-06
C0227,P0169,SH,2013-03-06
C0227,P0169,COM,2013-03-06
C0227,P0129,ADM,2013-03-06
C0228,P0284,SH,2013-03-08
C0228,P0298,ADM,2013-03-08
C0228,P0298,SH,2013-03-08
C0228,P0032,LR,2013-03-08
C0228,P0339,NOT,2013-03-08
C0228,P0129,LR,2013-03-08
C0229,P0299,LR,2013-03-13
C0229,P0179,SH,2013-03-13
C0229,P0299,SH,2013-03-13
C0229,P0179,ADM,2013-03-13
C0229,P0165,LR,2013-03-13
C0229,P0322,NOT,2013-03-13
C0229,P0124,LR,2013-03-13
C0229,P0299,COM,2013-03-13
C0230,P0235,SH,2013-03-15
C0230,P0355,NOT,2013-03-15
C0230,P0235,COM,2013-03-15
C0231,P0241,SH,2013-03-15
C0230,P0211,SH,2013-03-15
C0231,P0355,NOT,2013-03-15
C0231,P0211,SH,2013-03-15
C0231,P0211,ADM,2013-03-15
C0230,P0094,LR,2013-03-15
C0230,P0089,LR,2013-03-15
C0230,P0211,ADM,2013-03-15
C0232,P0320,NOT,2013-03-19
C0233,P0320,NOT,2013-03-19
C0232,P0124,LR,2013-03-19
C0233,P0099,ADM,2013-03-19
C0233,P0099,SH,2013-03-19
C0233,P0235,LR,2013-03-19
C0233,P0089,LR,2013-03-19
C0232,P0099,ADM,2013-03-19
C0232,P0137,COM,2013-03-19
C0232,P0137,SH,2013-03-19
C0232,P0099,SH,2013-03-19
C0233,P0098,SH,2013-03-19
C0233,P0098,COM,2013-03-19
C0232,P0079,LR,2013-03-19
C0237,P0178,ADM,2013-03-21
C0237,P0129,LR,2013-03-21
C0234,P0301,SH,2013-03-21
C0237,P0299,LR,2013-03-21
C0237,P0299,SH,2013-03-21
C0234,P0301,COM,2013-03-21
C0236,P0135,SH,2013-03-21
C0237,P0299,COM,2013-03-21
C0235,P0135,SH,2013-03-21
C0237,P0324,NOT,2013-03-21
C0236,P0110,ADM,2013-03-21
C0234,P0003,LR,2013-03-21
C0236,P0110,SH,2013-03-21
C0235,P0118,ADM,2013-03-21
C0235,P0118,SH,2013-03-21
C0236,P0308,NOT,2013-03-21
C0235,P0308,NOT,2013-03-21
C0234,P0178,ADM,2013-03-21
C0234,P0178,SH,2013-03-21
C0237,P0261,LR,2013-03-21
C0234,P0324,NOT,2013-03-21
C0234,P0094,LR,2013-03-21
C0237,P0178,SH,2013-03-21
C0239,P0137,COM,2013-04-01
C0238,P0093,COM,2013-04-01
C0238,P0093,SH,2013-04-01
C0238,P0168,LR,2013-04-01
C0239,P0137,LR,2013-04-01
C0239,P0137,SH,2013-04-01
C0238,P0241,LR,2013-04-01
C0238,P0063,ADM,2013-04-01
C0239,P0063,ADM,2013-04-01
C0239,P0261,LR,2013-04-01
C0238,P0340,NOT,2013-04-01
C0239,P0063,SH,2013-04-01
C0239,P0340,NOT,2013-04-01
C0238,P0261,LR,2013-04-01
C0238,P0063,SH,2013-04-01
C0241,P0183,COM,2013-05-03
C0241,P0183,SH,2013-05-03
C0241,P0182,SH,2013-05-03
C0241,P0182,ADM,2013-05-03
C0241,P0331,NOT,2013-05-03
C0240,P0182,SH,2013-05-03
C0240,P0182,ADM,2013-05-03
C0240,P0331,NOT,2013-05-03
C0241,P0089,LR,2013-05-03
C0240,P0205,SH,2013-05-03
C0240,P0205,COM,2013-05-03
C0240,P0124,LR,2013-05-03
C0241,P0124,LR,2013-05-03
C0242,P0335,NOT,2013-05-17
C0242,P0299,COM,2013-05-17
C0242,P0299,LR,2013-05-17
C0242,P0299,SH,2013-05-17
C0242,P0047,ADM,2013-05-17
C0242,P0047,SH,2013-05-17
C0243,P0067,SH,2013-05-20
C0243,P0067,ADM,2013-05-20
C0243,P0099,SH,2013-05-20
C0243,P0099,COM,2013-05-20
C0243,P0322,NOT,2013-05-20
C0245,P0320,NOT,2013-05-29
C0244,P0063,SH,2013-05-29
C0244,P0058,SH,2013-05-29
C0244,P0058,ADM,2013-05-29
C0245,P0018,ADM,2013-05-29
C0245,P0034,SH,2013-05-29
C0245,P0034,COM,2013-05-29
C0245,P0018,SH,2013-05-29
C0244,P0349,NOT,2013-05-29
C0247,P0324,NOT,2013-07-26
C0246,P0235,LR,2013-07-26
C0247,P0082,SH,2013-07-26
C0246,P0082,COM,2013-07-26
C0247,P0235,LR,2013-07-26
C0246,P0066,SH,2013-07-26
C0247,P0082,LR,2013-07-26
C0246,P0066,ADM,2013-07-26
C0247,P0298,ADM,2013-07-26
C0247,P0298,SH,2013-07-26
C0247,P0082,COM,2013-07-26
C0246,P0324,NOT,2013-07-26
C0246,P0082,SH,2013-07-26
C0248,P0330,NOT,2013-08-01
C0248,P0260,SH,2013-08-01
C0249,P0334,NOT,2013-08-01
C0249,P0259,LR,2013-08-01
C0249,P0299,SH,2013-08-01
C0249,P0034,SH,2013-08-01
C0249,P0034,ADM,2013-08-01
C0248,P0034,SH,2013-08-01
C0248,P0034,ADM,2013-08-01
C0248,P0260,COM,2013-08-01
C0251,P0276,ADM,2013-08-02
C0251,P0276,SH,2013-08-02
C0251,P0281,COM,2013-08-02
C0251,P0281,SH,2013-08-02
C0250,P0306,SH,2013-08-02
C0250,P0281,SH,2013-08-02
C0251,P0281,LR,2013-08-02
C0251,P0326,NOT,2013-08-02
C0251,P0165,LR,2013-08-02
C0250,P0326,NOT,2013-08-02
C0252,P0229,COM,2013-08-22
C0252,P0241,SH,2013-08-22
C0252,P0241,ADM,2013-08-22
C0252,P0229,SH,2013-08-22
C0252,P0323,NOT,2013-08-22
C0253,P0185,ADM,2013-10-25
C0253,P0185,SH,2013-10-25
C0253,P0227,ADM,2013-10-25
C0253,P0227,SH,2013-10-25
C0253,P0320,NOT,2013-10-25
C0253,P0166,ADM,2013-10-25
C0253,P0166,SH,2013-10-25
C0253,P0065,COM,2013-10-25
C0254,P0320,NOT,2013-11-20
C0254,P0055,SH,2013-11-20
C0254,P0174,ADM,2013-11-20
C0255,P0320,NOT,2013-11-20
C0255,P0007,ADM,2013-11-20
C0254,P0007,ADM,2013-11-20
C0255,P0007,SH,2013-11-20
C0254,P0172,SH,2013-11-20
C0255,P0137,SH,2013-11-20
C0255,P0182,SH,2013-11-20
C0254,P0007,SH,2013-11-20
C0255,P0093,COM,2013-11-20
C0254,P0174,SH,2013-11-20
C0254,P0140,ADM,2013-11-20
C0254,P0140,SH,2013-11-20
C0254,P0129,LR,2013-11-20
C0255,P0301,SH,2013-11-20
C0254,P0055,ADM,2013-11-20
C0255,P0093,SH,2013-11-20
C0254,P0172,ADM,2013-11-20
C0256,P0222,SH,2013-11-22
C0256,P0182,SH,2013-11-22
C0256,P0248,SH,2013-11-22
C0256,P0335,NOT,2013-11-22
C0256,P0098,SH,2013-11-22
C0256,P0098,ADM,2013-11-22
C0256,P0054,LR,2013-11-22
C0256,P0110,SH,2013-11-22
C0257,P0135,SH,2013-11-25
C0257,P0220,ADM,2013-11-25
C0257,P0267,SH,2013-11-25
C0257,P0275,SH,2013-11-25
C0257,P0124,LR,2013-11-25
C0257,P0178,SH,2013-11-25
C0257,P0322,NOT,2013-11-25
C0257,P0088,SH,2013-11-25
C0257,P0135,ADM,2013-11-25
C0258,P0079,LR,2013-11-28
C0258,P0090,SH,2013-11-28
C0258,P0073,SH,2013-11-28
C0258,P0326,NOT,2013-11-28
C0258,P0013,SH,2013-11-28
C0258,P0057,SH,2013-11-28
C0258,P0059,SH,2013-11-28
C0258,P0059,ADM,2013-11-28
C0259,P0324,NOT,2013-11-29
C0260,P0137,ADM,2013-11-29
C0259,P0157,SH,2013-11-29
C0259,P0067,SH,2013-11-29
C0260,P0141,ADM,2013-11-29
C0259,P0136,SH,2013-11-29
C0260,P0320,NOT,2013-11-29
C0259,P0141,SH,2013-11-29
C0260,P0055,COM,2013-11-29
C0259,P0034,COM,2013-11-29
C0259,P0002,SH,2013-11-29
C0260,P0298,ADM,2013-11-29
C0259,P0141,ADM,2013-11-29
C0260,P0301,COM,2013-11-29
C0260,P0007,COM,2013-11-29
C0263,P0319,NOT,2013-11-30
C0261,P0101,SH,2013-11-30
C0261,P0319,NOT,2013-11-30
C0262,P0179,SH,2013-11-30
C0262,P0319,NOT,2013-11-30
C0262,P0013,ADM,2013-11-30
C0263,P0220,SH,2013-11-30
C0263,P0301,ADM,2013-11-30
C0263,P0301,SH,2013-11-30
C0262,P0013,SH,2013-11-30
C0261,P0136,SH,2013-11-30
C0264,P0110,SH,2013-12-02
C0264,P0110,ADM,2013-12-02
C0264,P0308,NOT,2013-12-02
C0264,P0066,SH,2013-12-02
C0264,P0168,LR,2013-12-02
C0265,P0172,ADM,2013-12-03
C0265,P0322,NOT,2013-12-03
C0265,P0229,COM,2013-12-03
C0265,P0229,SH,2013-12-03
C0265,P0172,SH,2013-12-03
C0265,P0270,LR,2013-12-03
C0266,P0349,NOT,2013-12-04
C0266,P0051,SH,2013-12-04
C0266,P0051,COM,2013-12-04
C0266,P0136,SH,2013-12-04
C0266,P0136,ADM,2013-12-04
C0266,P0131,LR,2013-12-04
C0271,P0170,SH,2013-12-05
C0269,P0244,LR,2013-12-05
C0269,P0046,COM,2013-12-05
C0270,P0320,NOT,2013-12-05
C0269,P0046,SH,2013-12-05
C0271,P0049,SH,2013-12-05
C0271,P0049,ADM,2013-12-05
C0272,P0182,ADM,2013-12-05
C0272,P0320,NOT,2013-12-05
C0267,P0174,SH,2013-12-05
C0268,P0349,NOT,2013-12-05
C0272,P0182,SH,2013-12-05
C0270,P0174,ADM,2013-12-05
C0270,P0174,SH,2013-12-05
C0268,P0073,LR,2013-12-05
C0270,P0084,LR,2013-12-05
C0268,P0295,LR,2013-12-05
C0272,P0284,SH,2013-12-05
C0268,P0109,LR,2013-12-05
C0268,P0225,LR,2013-12-05
C0267,P0006,ADM,2013-12-05
C0271,P0115,LR,2013-12-05
C0268,P0157,ADM,2013-12-05
C0272,P0284,COM,2013-12-05
C0268,P0118,COM,2013-12-05
C0268,P0118,SH,2013-12-05
C0269,P0157,SH,2013-12-05
C0269,P0157,ADM,2013-12-05
C0267,P0017,LR,2013-12-05
C0270,P0141,SH,2013-12-05
C0268,P0157,SH,2013-12-05
C0271,P0335,NOT,2013-12-05
C0268,P0153,LR,2013-12-05
C0272,P0107,LR,2013-12-05
C0269,P0349,NOT,2013-12-05
C0268,P0167,LR,2013-12-05
C0267,P0006,SH,2013-12-05
C0267,P0349,NOT,2013-12-05
C0275,P0324,NOT,2013-12-06
C0274,P0339,NOT,2013-12-06
C0274,P0277,SH,2013-12-06
C0274,P0277,COM,2013-12-06
C0276,P0339,NOT,2013-12-06
C0276,P0274,ADM,2013-12-06
C0274,P0171,LR,2013-12-06
C0273,P0141,COM,2013-12-06
C0277,P0176,SH,2013-12-06
C0273,P0141,SH,2013-12-06
C0275,P0170,SH,2013-12-06
C0273,P0235,LR,2013-12-06
C0275,P0170,ADM,2013-12-06
C0276,P0274,SH,2013-12-06
C0274,P0274,SH,2013-12-06
C0276,P0260,SH,2013-12-06
C0273,P0118,ADM,2013-12-06
C0277,P0345,NOT,2013-12-06
C0275,P0038,SH,2013-12-06
C0274,P0274,ADM,2013-12-06
C0277,P0169,LR,2013-12-06
C0275,P0292,LR,2013-12-06
C0273,P0324,NOT,2013-12-06
C0273,P0118,SH,2013-12-06
C0277,P0099,ADM,2013-12-06
C0277,P0099,SH,2013-12-06
C0278,P0184,COM,2013-12-07
C0278,P0184,SH,2013-12-07
C0278,P0087,SH,2013-12-07
C0279,P0196,LR,2013-12-07
C0279,P0136,SH,2013-12-07
C0279,P0136,ADM,2013-12-07
C0279,P0322,NOT,2013-12-07
C0278,P0322,NOT,2013-12-07
C0279,P0175,SH,2013-12-07
C0278,P0299,LR,2013-12-07
C0278,P0087,ADM,2013-12-07
C0282,P0157,SH,2013-12-10
C0280,P0089,LR,2013-12-10
C0282,P0157,ADM,2013-12-10
C0282,P0147,LR,2013-12-10
C0281,P0331,NOT,2013-12-10
C0281,P0117,SH,2013-12-10
C0281,P0117,ADM,2013-12-10
C0281,P0115,LR,2013-12-10
C0280,P0158,COM,2013-12-10
C0280,P0158,SH,2013-12-10
C0281,P0058,SH,2013-12-10
C0282,P0320,NOT,2013-12-10
C0282,P0175,SH,2013-12-10
C0280,P0309,NOT,2013-12-10
C0280,P0059,ADM,2013-12-10
C0280,P0059,SH,2013-12-10
C0283,P0241,ADM,2013-12-12
C0283,P0314,NOT,2013-12-12
C0283,P0267,SH,2013-12-12
C0283,P0241,SH,2013-12-12
C0283,P0267,COM,2013-12-12
C0287,P0267,SH,2013-12-13
C0284,P0058,ADM,2013-12-13
C0286,P0137,SH,2013-12-13
C0285,P0043,LR,2013-12-13
C0287,P0248,LR,2013-12-13
C0284,P0314,NOT,2013-12-13
C0285,P0277,COM,2013-12-13
C0284,P0058,SH,2013-12-13
C0284,P0129,LR,2013-12-13
C0285,P0059,SH,2013-12-13
C0287,P0051,LR,2013-12-13
C0287,P0243,LR,2013-12-13
C0287,P0127,SH,2013-12-13
C0287,P0267,ADM,2013-12-13
C0286,P0320,NOT,2013-12-13
C0286,P0170,SH,2013-12-13
C0286,P0170,ADM,2013-12-13
C0285,P0059,ADM,2013-12-13
C0285,P0090,SH,2013-12-13
C0286,P0103,COM,2013-12-13
C0284,P0038,SH,2013-12-13
C0285,P0326,NOT,2013-12-13
C0284,P0038,COM,2013-12-13
C0287,P0326,NOT,2013-12-13
C0288,P0135,ADM,2013-12-17
C0288,P0135,SH,2013-12-17
C0288,P0301,COM,2013-12-17
C0288,P0355,NOT,2013-12-17
C0288,P0301,SH,2013-12-17
C0288,P0244,LR,2013-12-17
C0289,P0306,SH,2013-12-21
C0290,P0098,SH,2013-12-21
C0289,P0015,ADM,2013-12-21
C0289,P0015,SH,2013-12-21
C0290,P0027,LR,2013-12-21
C0290,P0098,ADM,2013-12-21
C0290,P0101,SH,2013-12-21
C0289,P0331,NOT,2013-12-21
C0290,P0331,NOT,2013-12-21
C0289,P0306,COM,2013-12-21
C0291,P0260,SH,2013-12-30
C0291,P0263,SH,2013-12-30
C0291,P0339,NOT,2013-12-30
C0291,P0262,ADM,2013-12-30
C0292,P0274,SH,2014-01-09
C0294,P0001,ADM,2014-01-09
C0292,P0064,SH,2014-01-09
C0294,P0319,NOT,2014-01-09
C0293,P0319,NOT,2014-01-09
C0294,P0058,SH,2014-01-09
C0292,P0064,ADM,2014-01-09
C0293,P0030,ADM,2014-01-09
C0294,P0182,COM,2014-01-09
C0294,P0182,SH,2014-01-09
C0293,P0058,SH,2014-01-09
C0292,P0346,NOT,2014-01-09
C0293,P0182,SH,2014-01-09
C0292,P0201,LR,2014-01-09
C0292,P0201,SH,2014-01-09
C0293,P0182,COM,2014-01-09
C0295,P0205,SH,2014-01-15
C0296,P0057,ADM,2014-01-15
C0295,P0033,ADM,2014-01-15
C0296,P0057,SH,2014-01-15
C0295,P0033,LR,2014-01-15
C0296,P0277,SH,2014-01-15
C0295,P0355,NOT,2014-01-15
C0295,P0033,SH,2014-01-15
C0295,P0171,ADM,2014-01-15
C0296,P0356,NOT,2014-01-15
C0297,P0290,ADM,2014-01-17
C0298,P0038,COM,2014-01-17
C0298,P0038,SH,2014-01-17
C0297,P0038,COM,2014-01-17
C0297,P0038,SH,2014-01-17
C0298,P0230,ADM,2014-01-17
C0298,P0308,NOT,2014-01-17
C0298,P0158,LR,2014-01-17
C0298,P0158,SH,2014-01-17
C0297,P0158,SH,2014-01-17
C0297,P0308,NOT,2014-01-17
C0299,P0258,ADM,2014-01-25
C0299,P0274,SH,2014-01-25
C0299,P0099,SH,2014-01-25
C0299,P0310,NOT,2014-01-25
C0300,P0086,ADM,2014-01-27
C0300,P0033,COM,2014-01-27
C0300,P0098,SH,2014-01-27
C0300,P0059,SH,2014-01-27
C0300,P0356,NOT,2014-01-27
C0302,P0262,SH,2014-01-29
C0302,P0135,SH,2014-01-29
C0301,P0135,SH,2014-01-29
C0301,P0116,ADM,2014-01-29
C0302,P0158,LR,2014-01-29
C0301,P0347,NOT,2014-01-29
C0302,P0134,ADM,2014-01-29
C0302,P0347,NOT,2014-01-29
C0301,P0262,SH,2014-01-29
C0302,P0052,ADM,2014-01-29
C0304,P0056,ADM,2014-02-06
C0304,P0276,SH,2014-02-06
C0304,P0330,NOT,2014-02-06
C0303,P0330,NOT,2014-02-06
C0305,P0330,NOT,2014-02-06
C0304,P0110,SH,2014-02-06
C0303,P0234,ADM,2014-02-06
C0303,P0276,SH,2014-02-06
C0303,P0110,SH,2014-02-06
C0305,P0063,ADM,2014-02-06
C0305,P0276,SH,2014-02-06
C0305,P0063,SH,2014-02-06
C0305,P0243,LR,2014-02-06
C0307,P0336,NOT,2014-02-07
C0307,P0306,LR,2014-02-07
C0306,P0306,COM,2014-02-07
C0306,P0306,SH,2014-02-07
C0307,P0306,SH,2014-02-07
C0306,P0001,ADM,2014-02-07
C0306,P0336,NOT,2014-02-07
C0306,P0178,SH,2014-02-07
C0307,P0178,ADM,2014-02-07
C0307,P0178,SH,2014-02-07
C0307,P0265,ADM,2014-02-07
C0308,P0220,LR,2014-02-08
C0310,P0220,ADM,2014-02-08
C0309,P0220,LR,2014-02-08
C0309,P0052,ADM,2014-02-08
C0309,P0046,SH,2014-02-08
C0309,P0351,NOT,2014-02-08
C0309,P0220,SH,2014-02-08
C0310,P0048,SH,2014-02-08
C0308,P0351,NOT,2014-02-08
C0310,P0351,NOT,2014-02-08
C0308,P0220,SH,2014-02-08
C0308,P0046,SH,2014-02-08
C0310,P0220,LR,2014-02-08
C0310,P0220,SH,2014-02-08
C0311,P0308,NOT,2014-02-14
C0311,P0301,ADM,2014-02-14
C0311,P0301,SH,2014-02-14
C0311,P0182,SH,2014-02-14
C0312,P0099,SH,2014-02-15
C0312,P0310,NOT,2014-02-15
C0312,P0253,ADM,2014-02-15
C0312,P0274,SH,2014-02-15
C0313,P0143,ADM,2014-02-27
C0313,P0233,LR,2014-02-27
C0313,P0308,NOT,2014-02-27
C0313,P0182,SH,2014-02-27
C0313,P0143,SH,2014-02-27
C0315,P0195,ADM,2014-02-28
C0316,P0225,LR,2014-02-28
C0315,P0281,SH,2014-02-28
C0315,P0141,SH,2014-02-28
C0314,P0141,COM,2014-02-28
C0314,P0172,SH,2014-02-28
C0316,P0322,NOT,2014-02-28
C0314,P0172,ADM,2014-02-28
C0314,P0054,LR,2014-02-28
C0316,P0172,SH,2014-02-28
C0316,P0298,SH,2014-02-28
C0316,P0298,COM,2014-02-28
C0314,P0141,SH,2014-02-28
C0314,P0322,NOT,2014-02-28
C0316,P0172,ADM,2014-02-28
C0315,P0322,NOT,2014-02-28
C0318,P0174,SH,2014-03-07
C0319,P0279,SH,2014-03-07
C0317,P0247,LR,2014-03-07
C0319,P0311,NOT,2014-03-07
C0317,P0311,NOT,2014-03-07
C0319,P0167,SH,2014-03-07
C0318,P0311,NOT,2014-03-07
C0317,P0167,ADM,2014-03-07
C0317,P0167,SH,2014-03-07
C0318,P0015,SH,2014-03-07
C0318,P0015,ADM,2014-03-07
C0318,P0174,COM,2014-03-07
C0319,P0246,ADM,2014-03-07
C0317,P0015,SH,2014-03-07
C0320,P0281,SH,2014-03-27
C0320,P0129,LR,2014-03-27
C0320,P0281,ADM,2014-03-27
C0321,P0276,SH,2014-03-27
C0321,P0135,COM,2014-03-27
C0321,P0349,NOT,2014-03-27
C0321,P0135,SH,2014-03-27
C0320,P0135,SH,2014-03-27
C0320,P0349,NOT,2014-03-27
C0321,P0189,ADM,2014-03-27
C0320,P0135,COM,2014-03-27
C0323,P0034,SH,2014-03-28
C0324,P0287,ADM,2014-03-28
C0323,P0042,LR,2014-03-28
C0324,P0347,NOT,2014-03-28
C0322,P0141,SH,2014-03-28
C0322,P0101,SH,2014-03-28
C0322,P0101,COM,2014-03-28
C0322,P0157,ADM,2014-03-28
C0324,P0118,SH,2014-03-28
C0323,P0034,ADM,2014-03-28
C0323,P0349,NOT,2014-03-28
C0323,P0281,SH,2014-03-28
C0322,P0349,NOT,2014-03-28
C0323,P0281,COM,2014-03-28
C0324,P0267,SH,2014-03-28
C0325,P0320,NOT,2014-04-04
C0325,P0130,LR,2014-04-04
C0326,P0137,LR,2014-04-04
C0325,P0046,SH,2014-04-04
C0325,P0280,SH,2014-04-04
C0325,P0046,ADM,2014-04-04
C0326,P0320,NOT,2014-04-04
C0326,P0240,LR,2014-04-04
C0326,P0165,LR,2014-04-04
C0326,P0046,ADM,2014-04-04
C0326,P0137,SH,2014-04-04
C0326,P0046,SH,2014-04-04
C0332,P0217,LR,2014-04-10
C0328,P0191,LR,2014-04-10
C0332,P0172,SH,2014-04-10
C0332,P0172,ADM,2014-04-10
C0328,P0059,ADM,2014-04-10
C0332,P0038,COM,2014-04-10
C0330,P0031,LR,2014-04-10
C0331,P0225,LR,2014-04-10
C0329,P0301,SH,2014-04-10
C0330,P0071,LR,2014-04-10
C0330,P0320,NOT,2014-04-10
C0328,P0059,SH,2014-04-10
C0331,P0059,COM,2014-04-10
C0327,P0172,COM,2014-04-10
C0330,P0023,LR,2014-04-10
C0327,P0326,NOT,2014-04-10
C0330,P0038,SH,2014-04-10
C0327,P0301,SH,2014-04-10
C0329,P0172,SH,2014-04-10
C0332,P0326,NOT,2014-04-10
C0328,P0172,SH,2014-04-10
C0330,P0306,SH,2014-04-10
C0330,P0038,ADM,2014-04-10
C0329,P0001,ADM,2014-04-10
C0332,P0038,SH,2014-04-10
C0329,P0172,COM,2014-04-10
C0327,P0172,SH,2014-04-10
C0328,P0326,NOT,2014-04-10
C0327,P0287,ADM,2014-04-10
C0331,P0059,SH,2014-04-10
C0329,P0326,NOT,2014-04-10
C0331,P0326,NOT,2014-04-10
C0331,P0306,SH,2014-04-10
C0331,P0306,ADM,2014-04-10
C0333,P0034,LR,2014-04-15
C0333,P0066,COM,2014-04-15
C0333,P0066,SH,2014-04-15
C0333,P0297,ADM,2014-04-15
C0333,P0335,NOT,2014-04-15
C0333,P0034,SH,2014-04-15
C0334,P0265,ADM,2014-04-16
C0338,P0055,SH,2014-04-16
C0338,P0057,ADM,2014-04-16
C0338,P0055,COM,2014-04-16
C0335,P0253,ADM,2014-04-16
C0334,P0337,NOT,2014-04-16
C0335,P0309,NOT,2014-04-16
C0335,P0136,LR,2014-04-16
C0335,P0136,SH,2014-04-16
C0338,P0309,NOT,2014-04-16
C0337,P0309,NOT,2014-04-16
C0337,P0118,SH,2014-04-16
C0337,P0118,COM,2014-04-16
C0335,P0118,SH,2014-04-16
C0335,P0118,COM,2014-04-16
C0336,P0301,SH,2014-04-16
C0336,P0309,NOT,2014-04-16
C0337,P0136,SH,2014-04-16
C0336,P0136,ADM,2014-04-16
C0334,P0110,SH,2014-04-16
C0334,P0110,COM,2014-04-16
C0336,P0136,SH,2014-04-16
C0337,P0203,ADM,2014-04-16
C0338,P0298,SH,2014-04-16
C0334,P0051,SH,2014-04-16
C0339,P0313,NOT,2014-04-25
C0339,P0075,SH,2014-04-25
C0341,P0241,ADM,2014-05-07
C0340,P0241,SH,2014-05-07
C0341,P0241,SH,2014-05-07
C0341,P0331,NOT,2014-05-07
C0340,P0127,SH,2014-05-07
C0341,P0124,LR,2014-05-07
C0341,P0055,SH,2014-05-07
C0340,P0056,ADM,2014-05-07
C0340,P0127,COM,2014-05-07
C0340,P0331,NOT,2014-05-07
C0342,P0331,NOT,2014-05-09
C0342,P0275,SH,2014-05-09
C0342,P0055,ADM,2014-05-09
C0342,P0055,SH,2014-05-09
C0342,P0281,LR,2014-05-09
C0343,P0066,SH,2014-05-15
C0343,P0269,ADM,2014-05-15
C0343,P0034,COM,2014-05-15
C0343,P0034,SH,2014-05-15
C0343,P0335,NOT,2014-05-15
C0344,P0248,ADM,2014-05-28
C0344,P0340,NOT,2014-05-28
C0344,P0124,LR,2014-05-28
C0344,P0248,SH,2014-05-28
C0344,P0087,SH,2014-05-28
C0345,P0117,ADM,2014-05-29
C0345,P0059,COM,2014-05-29
C0345,P0117,SH,2014-05-29
C0345,P0124,LR,2014-05-29
C0345,P0059,SH,2014-05-29
C0345,P0339,NOT,2014-05-29
C0346,P0059,SH,2014-06-05
C0346,P0339,NOT,2014-06-05
C0346,P0064,SH,2014-06-05
C0346,P0184,LR,2014-06-05
C0348,P0241,LR,2014-06-13
C0347,P0341,NOT,2014-06-13
C0348,P0277,ADM,2014-06-13
C0347,P0057,ADM,2014-06-13
C0348,P0241,SH,2014-06-13
C0348,P0341,NOT,2014-06-13
C0347,P0248,SH,2014-06-13
C0348,P0248,COM,2014-06-13
C0348,P0248,SH,2014-06-13
C0347,P0241,SH,2014-06-13
C0349,P0356,NOT,2014-07-31
C0349,P0124,LR,2014-07-31
C0349,P0176,COM,2014-07-31
C0349,P0260,ADM,2014-07-31
C0349,P0260,SH,2014-07-31
C0349,P0176,SH,2014-07-31
C0350,P0285,ADM,2014-08-02
C0351,P0054,LR,2014-08-02
C0350,P0268,ADM,2014-08-02
C0351,P0268,SH,2014-08-02
C0351,P0310,NOT,2014-08-02
C0350,P0268,SH,2014-08-02
C0350,P0260,SH,2014-08-02
C0350,P0310,NOT,2014-08-02
C0351,P0274,SH,2014-08-02
C0352,P0129,LR,2014-09-25
C0352,P0301,SH,2014-09-25
C0352,P0301,ADM,2014-09-25
C0352,P0299,COM,2014-09-25
C0352,P0299,SH,2014-09-25
C0352,P0356,NOT,2014-09-25
C0353,P0059,SH,2014-10-09
C0353,P0330,NOT,2014-10-09
C0353,P0090,SH,2014-10-09
C0353,P0269,ADM,2014-10-09
C0354,P0059,SH,2015-04-22
C0354,P0288,LR,2015-04-22
C0354,P0356,NOT,2015-04-22
